Customer ID,Recency,Frequency,Monetary,Total_Profit,Total_Quantity,R_Score,F_Score,M_Score,RFM_Score,Segment,Cluster
Customer-0001,145,4,5794.94,1182.19,65,1,5,4,154,Loyal Customers,1
Customer-0002,3112,2,2915.21,771.1800000000001,35,4,2,2,422,New Customers,2
Customer-0003,461,1,1377.3400000000001,-20.4,16,1,1,1,111,Lost,3
Customer-0007,2699,1,1516.3000000000002,307.61,24,4,1,1,411,New Customers,2
Customer-0008,864,4,8166.6900000000005,1332.94,76,2,5,5,255,Loyal Customers,0
Customer-0010,1739,4,7821.66,688.28,74,3,5,5,355,Loyal Customers,1
Customer-0012,1027,6,13978.32,1875.74,103,2,5,5,255,Loyal Customers,0
Customer-0013,53,2,4520.78,533.59,39,1,2,4,124,Lost,3
Customer-0014,514,2,2425.48,198.62,20,1,2,2,122,Lost,3
Customer-0016,356,2,3622.52,330.69,40,1,2,3,123,Lost,3
Customer-0017,1470,2,3891.9300000000003,438.63,23,3,2,3,323,Promising,3
Customer-0019,3651,4,6750.65,1130.83,88,5,5,5,555,Champions,1
Customer-0020,2238,4,5511.35,959.78,50,4,5,4,454,Champions,1
Customer-0021,2626,4,6558.59,1186.86,93,4,5,5,455,Champions,1
Customer-0022,4696,1,2843.9700000000003,350.62,21,5,1,2,512,New Customers,2
Customer-0023,4327,1,1743.69,14.110000000000003,9,5,1,1,511,New Customers,2
Customer-0025,1732,1,949.76,138.85,15,3,1,1,311,Promising,3
Customer-0026,510,3,4509.66,857.9,46,1,4,4,144,Loyal Customers,1
Customer-0028,3099,2,2291.34,107.61,41,4,2,2,422,New Customers,2
Customer-0029,4669,1,1918.8999999999999,291.83,16,5,1,1,511,New Customers,2
Customer-0030,3940,1,2718.54,77.83000000000001,25,5,1,2,512,New Customers,2
Customer-0032,3926,1,1485.3,3.719999999999999,13,5,1,1,511,New Customers,2
Customer-0035,685,3,6334.48,537.23,63,2,4,5,245,Loyal Customers,1
Customer-0036,3256,2,4011.75,758.01,42,4,2,3,423,New Customers,2
Customer-0038,592,1,2398.2599999999998,592.2,11,2,1,2,212,Lost,3
Customer-0039,1109,3,5884.32,1242.72,69,2,4,4,244,Loyal Customers,1
Customer-0040,105,1,2470.69,252.03999999999996,29,1,1,2,112,Lost,3
Customer-0041,1479,4,6888.58,1077.61,53,3,5,5,355,Loyal Customers,1
Customer-0042,695,1,2120.97,131.77,18,2,1,2,212,Lost,3
Customer-0043,601,4,8197.96,1469.74,91,2,5,5,255,Loyal Customers,0
Customer-0044,1585,2,4739.43,1062.14,46,3,2,4,324,Promising,3
Customer-0047,579,2,3210.33,681.51,33,2,2,3,223,Lost,3
Customer-0049,167,4,7547.76,1398.04,61,1,5,5,155,Loyal Customers,1
Customer-0050,2498,2,4315.93,611.32,26,4,2,3,423,New Customers,3
Customer-0051,2564,1,3656.91,493.75,27,4,1,3,413,New Customers,3
Customer-0053,4293,1,2824.84,122.75,27,5,1,2,512,New Customers,2
Customer-0055,3454,2,2822.7,67.53999999999999,25,5,2,2,522,New Customers,2
Customer-0056,4604,1,775.33,222.09,13,5,1,1,511,New Customers,2
Customer-0057,123,2,2973.15,698.28,27,1,2,3,123,Lost,3
Customer-0058,1212,2,2453.2200000000003,779.13,29,2,2,2,222,Lost,3
Customer-0059,3210,1,742.88,141.08,10,4,1,1,411,New Customers,2
Customer-0060,1775,3,5212.85,943.52,42,3,4,4,344,Loyal Customers,1
Customer-0062,4310,1,1699.3,330.83000000000004,13,5,1,1,511,New Customers,2
Customer-0063,1515,2,3335.33,226.38,39,3,2,3,323,Promising,3
Customer-0065,270,3,4227.32,422.74,47,1,4,3,143,Loyal Customers,1
Customer-0066,1932,5,8927.9,1156.92,64,3,5,5,355,Loyal Customers,0
Customer-0067,3461,2,1383.56,138.05,19,5,2,1,521,New Customers,2
Customer-0068,2492,2,4401.78,260.95,47,4,2,4,424,New Customers,3
Customer-0069,209,1,1597.32,97.56,15,1,1,1,111,Lost,3
Customer-0070,2941,3,4810.34,865.06,45,4,4,4,444,Champions,1
Customer-0072,1774,1,1429.34,389.65999999999997,14,3,1,1,311,Promising,3
Customer-0073,228,4,5786.36,1158.92,54,1,5,4,154,Loyal Customers,1
Customer-0074,1195,1,3124.1,576.1,33,2,1,3,213,Lost,3
Customer-0075,1516,2,4324.89,696.88,43,3,2,3,323,Promising,3
Customer-0076,2658,3,5248.49,649.3,48,4,4,4,444,Champions,1
Customer-0077,4631,1,798.32,242.77999999999997,14,5,1,1,511,New Customers,2
Customer-0078,2524,1,1164.63,332.51,18,4,1,1,411,New Customers,3
Customer-0079,2371,3,3152.77,459.34999999999997,40,4,4,3,443,Loyal Customers,1
Customer-0080,873,1,2379.33,418.76,27,2,1,2,212,Lost,3
Customer-0081,2298,1,1261.3600000000001,57.02,13,4,1,1,411,New Customers,3
Customer-0082,1575,1,2200.9700000000003,341.24,15,3,1,2,312,Promising,3
Customer-0083,1451,2,2774.48,369.35,42,3,2,2,322,Promising,3
Customer-0084,1986,5,12078.53,1521.46,106,3,5,5,355,Loyal Customers,0
Customer-0085,4555,1,3009.98,-1.5500000000000043,16,5,1,3,513,New Customers,2
Customer-0086,5196,2,5107.62,578.29,60,5,2,4,524,New Customers,2
Customer-0087,2222,3,5689.67,636.65,39,4,4,4,444,Champions,1
Customer-0088,1251,1,1605.6399999999999,269.0,15,3,1,1,311,Promising,3
Customer-0089,1714,2,1577.13,626.88,31,3,2,1,321,Promising,3
Customer-0090,5394,1,2841.7,369.3,21,5,1,2,512,New Customers,2
Customer-0092,1028,2,3142.14,483.99,29,2,2,3,223,Lost,3
Customer-0093,4145,1,2664.7,488.28,19,5,1,2,512,New Customers,2
Customer-0095,4173,1,2207.8199999999997,136.06,21,5,1,2,512,New Customers,2
Customer-0097,1656,2,3222.8,426.55,30,3,2,3,323,Promising,3
Customer-0098,3949,1,1148.44,122.4,10,5,1,1,511,New Customers,2
Customer-0099,4647,1,2090.96,274.91999999999996,23,5,1,2,512,New Customers,2
Customer-0100,1342,1,1544.53,52.2,23,3,1,1,311,Promising,3
Customer-0101,1864,4,5599.24,959.57,47,3,5,4,354,Loyal Customers,1
Customer-0102,2830,4,6758.07,1468.26,76,4,5,5,455,Champions,1
Customer-0103,3280,1,1273.6,273.68,11,4,1,1,411,New Customers,2
Customer-0104,255,3,7852.8,890.66,67,1,4,5,145,Loyal Customers,1
Customer-0105,1327,2,3044.8199999999997,645.72,24,3,2,3,323,Promising,3
Customer-0106,2556,1,2718.21,19.429999999999993,21,4,1,2,412,New Customers,3
Customer-0107,206,2,2264.17,517.8100000000001,18,1,2,2,122,Lost,3
Customer-0108,778,3,4965.1,1192.6399999999999,48,2,4,4,244,Loyal Customers,1
Customer-0109,1894,3,4595.24,563.74,61,3,4,4,344,Loyal Customers,1
Customer-0110,4190,1,1025.97,342.23,11,5,1,1,511,New Customers,2
Customer-0111,3624,1,2793.06,698.22,26,5,1,2,512,New Customers,2
Customer-0112,2570,2,3650.78,373.67999999999995,25,4,2,3,423,New Customers,3
Customer-0113,1549,4,9273.24,1762.36,106,3,5,5,355,Loyal Customers,0
Customer-0114,384,2,2929.18,478.62,33,1,2,2,122,Lost,3
Customer-0115,1931,1,1532.81,97.18,8,3,1,1,311,Promising,3
Customer-0116,4432,1,935.85,138.72,6,5,1,1,511,New Customers,2
Customer-0117,1151,4,6634.08,1237.3400000000001,83,2,5,5,255,Loyal Customers,1
Customer-0118,2944,3,5288.47,868.22,53,4,4,4,444,Champions,1
Customer-0119,130,4,7306.02,1812.96,73,1,5,5,155,Loyal Customers,1
Customer-0120,132,2,3652.0699999999997,603.11,27,1,2,3,123,Lost,3
Customer-0121,5609,1,2437.5,324.2,25,5,1,2,512,New Customers,2
Customer-0122,2579,1,2134.9,-55.040000000000006,22,4,1,2,412,New Customers,3
Customer-0124,1133,5,10859.21,1724.24,99,2,5,5,255,Loyal Customers,0
Customer-0126,85,1,998.0899999999999,287.11,15,1,1,1,111,Lost,3
Customer-0127,580,3,6985.64,1145.9,65,2,4,5,245,Loyal Customers,1
Customer-0128,4658,2,5118.21,632.12,48,5,2,4,524,New Customers,2
Customer-0129,425,5,8242.0,1105.98,79,1,5,5,155,Loyal Customers,0
Customer-0130,3067,5,10248.15,1539.07,74,4,5,5,455,Champions,0
Customer-0131,273,3,4839.58,995.76,57,1,4,4,144,Loyal Customers,1
Customer-0132,1084,3,5497.04,731.09,40,2,4,4,244,Loyal Customers,1
Customer-0133,1567,2,2585.2200000000003,348.43,31,3,2,2,322,Promising,3
Customer-0134,5047,1,954.9200000000001,367.86,15,5,1,1,511,New Customers,2
Customer-0136,1556,2,5503.8,741.91,53,3,2,4,324,Promising,1
Customer-0137,2970,1,1606.12,222.95999999999998,18,4,1,1,411,New Customers,2
Customer-0138,855,2,4296.76,607.73,39,2,2,3,223,Lost,3
Customer-0141,1659,2,3026.9,206.08999999999997,34,3,2,3,323,Promising,3
Customer-0142,610,3,3930.3300000000004,752.82,63,2,4,3,243,Loyal Customers,1
Customer-0143,3062,3,2833.09,945.6,43,4,4,2,442,Loyal Customers,2
Customer-0144,4931,2,4595.37,263.65000000000003,25,5,2,4,524,New Customers,2
Customer-0145,4415,2,3552.19,735.69,38,5,2,3,523,New Customers,2
Customer-0146,4285,2,6098.08,435.19,64,5,2,4,524,New Customers,2
Customer-0147,2526,1,2748.5299999999997,836.77,25,4,1,2,412,New Customers,3
Customer-0148,415,2,3639.21,268.15999999999997,38,1,2,3,123,Lost,3
Customer-0149,123,5,11840.19,1608.76,99,1,5,5,155,Loyal Customers,0
Customer-0151,408,1,2443.24,202.6,23,1,1,2,112,Lost,3
Customer-0152,809,2,5516.01,939.22,39,2,2,4,224,Lost,1
Customer-0153,3152,1,2255.91,231.42,14,4,1,2,412,New Customers,2
Customer-0154,20,5,8726.89,1392.15,105,1,5,5,155,Loyal Customers,0
Customer-0155,5203,1,835.0,-33.910000000000004,16,5,1,1,511,New Customers,2
Customer-0156,937,5,8561.89,991.44,81,2,5,5,255,Loyal Customers,0
Customer-0158,666,1,2084.88,-0.6499999999999986,18,2,1,2,212,Lost,3
Customer-0159,2673,3,2837.02,833.65,42,4,4,2,442,Loyal Customers,3
Customer-0160,119,3,6120.29,726.85,62,1,4,4,144,Loyal Customers,1
Customer-0161,884,5,5360.78,928.43,76,2,5,4,254,Loyal Customers,1
Customer-0162,194,3,6431.06,509.29999999999995,63,1,4,5,145,Loyal Customers,1
Customer-0163,1476,2,3214.85,339.95,44,3,2,3,323,Promising,3
Customer-0164,3952,3,5401.91,1214.74,60,5,4,4,544,Champions,2
Customer-0165,995,2,5322.93,582.95,38,2,2,4,224,Lost,1
Customer-0167,2494,3,5375.48,908.11,55,4,4,4,444,Champions,1
Customer-0168,2504,1,2439.74,272.69,22,4,1,2,412,New Customers,3
Customer-0169,4354,1,2225.79,247.62,22,5,1,2,512,New Customers,2
Customer-0172,1408,3,6147.91,616.35,47,3,4,4,344,Loyal Customers,1
Customer-0173,736,4,9607.23,649.82,65,2,5,5,255,Loyal Customers,0
Customer-0174,1956,2,2649.75,375.13,25,3,2,2,322,Promising,3
Customer-0175,4002,1,1468.95,7.309999999999995,12,5,1,1,511,New Customers,2
Customer-0176,3950,1,2454.37,420.40999999999997,12,5,1,2,512,New Customers,2
Customer-0177,3894,1,1181.6100000000001,29.45,9,5,1,1,511,New Customers,2
Customer-0178,1434,3,4429.97,913.94,45,3,4,4,344,Loyal Customers,1
Customer-0179,1335,1,2870.17,192.73,35,3,1,2,312,Promising,3
Customer-0180,3498,1,1277.8,316.21000000000004,10,5,1,1,511,New Customers,2
Customer-0182,1711,2,2820.37,173.98,19,3,2,2,322,Promising,3
Customer-0183,642,6,10073.86,1456.04,94,2,5,5,255,Loyal Customers,0
Customer-0184,261,1,3139.3900000000003,665.96,23,1,1,3,113,Lost,3
Customer-0185,3307,1,1304.91,326.09000000000003,23,4,1,1,411,New Customers,2
Customer-0186,2615,2,3999.92,690.93,39,4,2,3,423,New Customers,3
Customer-0188,2244,3,6156.15,735.6800000000001,51,4,4,5,445,Champions,1
Customer-0190,1157,4,6837.82,752.4,86,2,5,5,255,Loyal Customers,1
Customer-0191,2155,2,3655.9,576.0600000000001,22,4,2,3,423,New Customers,3
Customer-0192,3878,1,2191.56,205.63,21,5,1,2,512,New Customers,2
Customer-0193,2257,1,2063.49,341.1,22,4,1,2,412,New Customers,3
Customer-0194,4177,1,2397.13,146.63,22,5,1,2,512,New Customers,2
Customer-0196,703,3,6425.01,653.39,74,2,4,5,245,Loyal Customers,1
Customer-0198,23,3,5205.33,898.9599999999999,58,1,4,4,144,Loyal Customers,1
Customer-0199,793,1,1586.65,22.33,7,2,1,1,211,Lost,3
Customer-0200,2421,2,4028.09,548.79,27,4,2,3,423,New Customers,3
Customer-0201,819,2,6503.650000000001,619.64,46,2,2,5,225,Lost,1
Customer-0202,212,3,5101.66,872.47,67,1,4,4,144,Loyal Customers,1
Customer-0203,2700,3,5327.95,903.95,51,4,4,4,444,Champions,1
Customer-0204,2439,1,2113.86,243.61,10,4,1,2,412,New Customers,3
Customer-0205,2707,1,3449.36,456.02,16,4,1,3,413,New Customers,3
Customer-0206,3614,2,3771.0299999999997,602.58,46,5,2,3,523,New Customers,2
Customer-0207,5998,1,609.83,307.62,8,5,1,1,511,New Customers,2
Customer-0208,3556,1,2135.29,454.69,23,5,1,2,512,New Customers,2
Customer-0209,3864,2,3430.09,574.09,41,5,2,3,523,New Customers,2
Customer-0210,1745,3,4531.61,737.73,39,3,4,4,344,Loyal Customers,1
Customer-0211,803,4,8944.09,1344.47,86,2,5,5,255,Loyal Customers,0
Customer-0213,2364,5,11019.06,1725.44,110,4,5,5,455,Champions,0
Customer-0214,2489,2,3116.94,260.74,24,4,2,3,423,New Customers,3
Customer-0216,4278,2,1446.99,450.02,36,5,2,1,521,New Customers,2
Customer-0217,3271,2,2022.87,556.62,26,4,2,2,422,New Customers,2
Customer-0218,2696,3,3471.2200000000003,741.25,50,4,4,3,443,Loyal Customers,1
Customer-0219,2840,1,1080.05,106.45,12,4,1,1,411,New Customers,2
Customer-0220,2490,6,11451.1,1245.3,95,4,5,5,455,Champions,0
Customer-0221,976,3,4034.49,924.82,41,2,4,3,243,Loyal Customers,1
Customer-0222,850,2,3694.97,901.75,37,2,2,3,223,Lost,3
Customer-0223,853,3,6855.450000000001,513.01,40,2,4,5,245,Loyal Customers,1
Customer-0224,4092,1,1659.92,376.53999999999996,7,5,1,1,511,New Customers,2
Customer-0226,685,3,4781.74,518.67,39,2,4,4,244,Loyal Customers,1
Customer-0227,1722,5,9533.73,1153.18,71,3,5,5,355,Loyal Customers,0
Customer-0228,1850,2,3229.0299999999997,440.57,32,3,2,3,323,Promising,3
Customer-0229,268,2,4059.65,96.56,21,1,2,3,123,Lost,3
Customer-0230,2749,1,435.37,-22.589999999999996,5,4,1,1,411,New Customers,2
Customer-0231,2357,3,5324.85,732.8100000000001,51,4,4,4,444,Champions,1
Customer-0232,874,3,5102.99,700.6899999999999,46,2,4,4,244,Loyal Customers,1
Customer-0233,203,2,3263.09,328.66999999999996,22,1,2,3,123,Lost,3
Customer-0234,3379,1,1271.27,69.34,8,4,1,1,411,New Customers,2
Customer-0235,958,2,3116.98,293.86,19,2,2,3,223,Lost,3
Customer-0236,34,1,2934.42,339.95,41,1,1,2,112,Lost,3
Customer-0237,4918,2,4860.05,653.27,27,5,2,4,524,New Customers,2
Customer-0238,149,3,4475.81,1040.76,56,1,4,4,144,Loyal Customers,1
Customer-0239,3844,1,1914.3999999999999,506.31,24,5,1,1,511,New Customers,2
Customer-0240,209,1,1619.96,26.909999999999997,13,1,1,1,111,Lost,3
Customer-0241,4184,1,1119.27,243.91,15,5,1,1,511,New Customers,2
Customer-0242,11,4,8105.35,1235.21,58,1,5,5,155,Loyal Customers,0
Customer-0243,1317,1,3151.73,312.54,22,3,1,3,313,Promising,3
Customer-0244,4833,1,1782.7800000000002,391.51,20,5,1,1,511,New Customers,2
Customer-0246,1883,2,2006.24,265.52,26,3,2,2,322,Promising,3
Customer-0247,5066,1,2592.83,166.64000000000001,30,5,1,2,512,New Customers,2
Customer-0248,2652,2,4855.33,1146.81,40,4,2,4,424,New Customers,3
Customer-0250,422,3,7371.29,1000.6,63,1,4,5,145,Loyal Customers,1
Customer-0251,2686,3,5220.66,802.74,62,4,4,4,444,Champions,1
Customer-0253,2514,2,5948.0599999999995,789.68,45,4,2,4,424,New Customers,1
Customer-0254,51,4,7860.66,1110.43,95,1,5,5,155,Loyal Customers,0
Customer-0255,4015,1,1878.52,52.89,19,5,1,1,511,New Customers,2
Customer-0256,3072,1,3389.09,309.68,26,4,1,3,413,New Customers,2
Customer-0257,724,1,2862.89,365.84999999999997,15,2,1,2,212,Lost,3
Customer-0258,2196,1,2182.31,445.88,18,4,1,2,412,New Customers,3
Customer-0259,1389,2,4706.1900000000005,759.1700000000001,45,3,2,4,324,Promising,3
Customer-0260,902,5,8441.64,946.81,89,2,5,5,255,Loyal Customers,0
Customer-0261,25,4,6367.36,1858.07,82,1,5,5,155,Loyal Customers,1
Customer-0262,2547,3,5360.91,839.34,64,4,4,4,444,Champions,1
Customer-0263,1532,3,4579.72,1074.26,68,3,4,4,344,Loyal Customers,1
Customer-0264,2000,1,1395.42,212.75,12,3,1,1,311,Promising,3
Customer-0265,2413,2,3428.0699999999997,550.1600000000001,34,4,2,3,423,New Customers,3
Customer-0266,2615,2,4124.07,496.3,42,4,2,3,423,New Customers,3
Customer-0267,3745,1,1616.04,151.67000000000002,14,5,1,1,511,New Customers,2
Customer-0268,864,6,13509.07,1437.3899999999999,122,2,5,5,255,Loyal Customers,0
Customer-0269,3070,1,3119.84,372.99,21,4,1,3,413,New Customers,2
Customer-0270,1867,3,2580.72,604.54,66,3,4,2,342,Loyal Customers,3
Customer-0272,4172,1,905.23,268.56,17,5,1,1,511,New Customers,2
Customer-0273,1794,3,5981.12,1155.06,46,3,4,4,344,Loyal Customers,1
Customer-0275,5205,1,581.35,150.99,14,5,1,1,511,New Customers,2
Customer-0276,911,3,5986.49,881.1,61,2,4,4,244,Loyal Customers,1
Customer-0277,156,5,7652.09,476.98,59,1,5,5,155,Loyal Customers,0
Customer-0278,4172,1,1087.43,423.45,11,5,1,1,511,New Customers,2
Customer-0279,674,4,5470.89,809.26,79,2,5,4,254,Loyal Customers,1
Customer-0280,692,1,3197.87,565.26,28,2,1,3,213,Lost,3
Customer-0281,5046,2,2682.31,408.44,23,5,2,2,522,New Customers,2
Customer-0282,1507,1,2458.24,323.62,27,3,1,2,312,Promising,3
Customer-0283,374,3,4328.26,572.41,33,1,4,3,143,Loyal Customers,1
Customer-0284,382,3,4981.6900000000005,426.39,42,1,4,4,144,Loyal Customers,1
Customer-0286,12,2,2529.2,559.51,36,1,2,2,122,Lost,3
Customer-0287,243,4,8509.34,1094.43,80,1,5,5,155,Loyal Customers,0
Customer-0288,2717,4,6093.78,1218.73,65,4,5,4,454,Champions,1
Customer-0289,147,3,5950.55,194.83,46,1,4,4,144,Loyal Customers,1
Customer-0291,1910,3,4157.0,714.78,49,3,4,3,343,Loyal Customers,1
Customer-0293,81,4,9149.24,951.64,86,1,5,5,155,Loyal Customers,0
Customer-0294,549,3,3526.56,785.02,37,1,4,3,143,Loyal Customers,1
Customer-0295,689,2,5020.59,359.83,55,2,2,4,224,Lost,3
Customer-0296,4073,1,2034.78,249.42000000000002,17,5,1,2,512,New Customers,2
Customer-0297,5062,1,658.52,-46.45,12,5,1,1,511,New Customers,2
Customer-0298,558,2,1376.1599999999999,125.60999999999999,13,2,2,1,221,Lost,3
Customer-0300,5044,1,1477.0,294.71,15,5,1,1,511,New Customers,2
Customer-0301,571,3,5307.45,1003.6899999999999,47,2,4,4,244,Loyal Customers,1
Customer-0302,1201,6,15514.31,1906.6100000000001,118,2,5,5,255,Loyal Customers,0
Customer-0303,41,4,6234.35,1349.54,68,1,5,5,155,Loyal Customers,1
Customer-0304,3131,3,6022.67,1080.71,41,4,4,4,444,Champions,1
Customer-0305,1452,3,2770.2599999999998,463.52,37,3,4,2,342,Loyal Customers,3
Customer-0306,4403,1,1433.73,372.77,16,5,1,1,511,New Customers,2
Customer-0307,1639,2,4161.65,280.55,33,3,2,3,323,Promising,3
Customer-0308,504,2,2806.73,372.69,26,1,2,2,122,Lost,3
Customer-0311,273,4,7187.41,1353.17,80,1,5,5,155,Loyal Customers,1
Customer-0312,3935,1,1576.53,342.55,12,5,1,1,511,New Customers,2
Customer-0313,1056,4,6796.82,797.63,78,2,5,5,255,Loyal Customers,1
Customer-0314,1565,4,5711.64,915.27,59,3,5,4,354,Loyal Customers,1
Customer-0316,2364,1,1739.31,291.85,27,4,1,1,411,New Customers,3
Customer-0318,2035,2,3242.73,299.94,35,3,2,3,323,Promising,3
Customer-0319,4045,1,842.15,183.37,8,5,1,1,511,New Customers,2
Customer-0320,1568,3,4939.1,534.91,54,3,4,4,344,Loyal Customers,1
Customer-0321,5325,1,1545.34,287.71999999999997,15,5,1,1,511,New Customers,2
Customer-0324,3489,4,9214.92,1211.2,94,5,5,5,555,Champions,0
Customer-0325,648,1,1408.1,124.32999999999998,10,2,1,1,211,Lost,3
Customer-0326,4700,1,1353.35,103.72,9,5,1,1,511,New Customers,2
Customer-0327,971,2,4355.0199999999995,599.41,44,2,2,4,224,Lost,3
Customer-0328,2077,1,1107.38,224.37,18,3,1,1,311,Promising,3
Customer-0329,3169,2,4905.5,652.39,27,4,2,4,424,New Customers,2
Customer-0331,241,1,1367.22,235.69,6,1,1,1,111,Lost,3
Customer-0332,2089,3,5593.68,492.78000000000003,44,3,4,4,344,Loyal Customers,1
Customer-0333,4433,1,1871.24,433.78,20,5,1,1,511,New Customers,2
Customer-0334,400,4,5249.3,904.07,63,1,5,4,154,Loyal Customers,1
Customer-0335,5231,1,1428.5,436.76,15,5,1,1,511,New Customers,2
Customer-0336,1388,4,9612.68,779.24,70,3,5,5,355,Loyal Customers,0
Customer-0337,189,1,1272.01,258.89,22,1,1,1,111,Lost,3
Customer-0338,1191,2,1205.79,36.95,14,2,3,1,231,At Risk,3
Customer-0341,5272,3,4706.1,630.14,34,5,4,4,544,Champions,2
Customer-0342,412,3,4090.4,609.18,55,1,4,3,143,Loyal Customers,1
Customer-0343,1507,3,4867.02,1039.01,57,3,4,4,344,Loyal Customers,1
Customer-0344,891,3,7210.65,209.94,46,2,4,5,245,Loyal Customers,1
Customer-0345,440,4,6685.2,769.35,56,1,5,5,155,Loyal Customers,1
Customer-0347,931,1,2924.21,507.65999999999997,25,2,1,2,212,Lost,3
Customer-0348,1167,2,2800.32,91.41999999999999,22,2,3,2,232,At Risk,3
Customer-0349,702,1,2230.0,357.93,22,2,1,2,212,Lost,3
Customer-0350,1220,4,5962.1,576.72,88,2,5,4,254,Loyal Customers,1
Customer-0351,1368,2,4469.99,897.48,56,3,3,4,334,Potential Loyalists,3
Customer-0352,1587,2,2799.45,514.05,36,3,3,2,332,Potential Loyalists,3
Customer-0353,131,4,8455.3,577.43,83,1,5,5,155,Loyal Customers,0
Customer-0354,2423,3,4835.4,763.6999999999999,73,4,4,4,444,Champions,1
Customer-0356,720,1,2620.4,407.48,29,2,1,2,212,Lost,3
Customer-0357,3080,1,1334.06,-97.53,17,4,1,1,411,New Customers,2
Customer-0358,2252,1,1563.6299999999999,456.31,19,4,1,1,411,New Customers,3
Customer-0359,1165,1,1534.3899999999999,326.87,19,2,1,1,211,Lost,3
Customer-0360,5533,2,3834.14,389.52000000000004,39,5,3,3,533,Potential Loyalists,2
Customer-0361,1,4,7242.15,1156.94,90,1,5,5,155,Loyal Customers,1
Customer-0362,1943,3,6142.37,1165.31,73,3,4,4,344,Loyal Customers,1
Customer-0363,4125,1,2089.88,335.24,27,5,1,2,512,New Customers,2
Customer-0364,818,4,8897.03,833.04,90,2,5,5,255,Loyal Customers,0
Customer-0365,4041,1,1850.81,407.28999999999996,26,5,1,1,511,New Customers,2
Customer-0366,343,2,3361.59,624.78,22,1,3,3,133,At Risk,3
Customer-0367,3546,2,3599.46,752.06,37,5,3,3,533,Potential Loyalists,2
Customer-0368,14,1,1192.24,330.74,13,1,1,1,111,Lost,3
Customer-0370,4094,1,1854.4,375.48999999999995,15,5,1,1,511,New Customers,2
Customer-0371,1445,2,4492.29,469.7,38,3,3,4,334,Potential Loyalists,3
Customer-0372,532,1,2753.29,108.83,33,1,1,2,112,Lost,3
Customer-0373,5185,1,991.27,147.88000000000002,10,5,1,1,511,New Customers,2
Customer-0374,785,2,3609.3599999999997,237.12,32,2,3,3,233,At Risk,3
Customer-0375,136,4,4778.97,1436.18,63,1,5,4,154,Loyal Customers,1
Customer-0376,711,3,4703.57,490.65000000000003,41,2,4,4,244,Loyal Customers,1
Customer-0377,1031,3,4921.07,637.79,57,2,4,4,244,Loyal Customers,1
Customer-0378,1220,3,5152.1,749.6800000000001,67,2,4,4,244,Loyal Customers,1
Customer-0379,4215,1,2688.85,475.99,28,5,1,2,512,New Customers,2
Customer-0380,2225,2,5906.3099999999995,302.29,50,4,3,4,434,Potential Loyalists,1
Customer-0381,1814,6,11754.47,1236.6100000000001,93,3,5,5,355,Loyal Customers,0
Customer-0382,569,5,10173.18,1074.13,90,2,5,5,255,Loyal Customers,0
Customer-0383,132,1,1522.76,328.76,26,1,1,1,111,Lost,3
Customer-0384,2698,2,4187.93,570.66,25,4,3,3,433,Potential Loyalists,3
Customer-0385,2734,2,3324.47,559.24,34,4,3,3,433,Potential Loyalists,3
Customer-0386,102,2,4166.15,646.54,46,1,3,3,133,At Risk,3
Customer-0387,384,2,2563.8,560.87,19,1,3,2,132,At Risk,3
Customer-0390,1220,1,2231.92,93.83,12,2,1,2,212,Lost,3
Customer-0391,4247,2,2213.25,343.73,29,5,3,2,532,Potential Loyalists,2
Customer-0392,2291,1,472.15,75.1,9,4,1,1,411,New Customers,3
Customer-0393,1141,3,3821.62,559.76,30,2,4,3,243,Loyal Customers,1
Customer-0395,1449,3,3890.38,572.23,32,3,4,3,343,Loyal Customers,1
Customer-0397,561,4,9252.54,1313.6100000000001,84,2,5,5,255,Loyal Customers,0
Customer-0398,4004,1,1195.8500000000001,304.9,20,5,1,1,511,New Customers,2
Customer-0399,1435,5,10207.02,1388.76,77,3,5,5,355,Loyal Customers,0
Customer-0400,2928,4,6641.3,1337.8,86,4,5,5,455,Champions,1
Customer-0401,891,2,3264.74,751.24,37,2,3,3,233,At Risk,3
Customer-0402,1282,1,2028.72,213.72,8,3,1,2,312,Promising,3
Customer-0404,5308,1,2268.2599999999998,151.51,25,5,1,2,512,New Customers,2
Customer-0405,258,4,7103.32,1189.27,70,1,5,5,155,Loyal Customers,1
Customer-0406,2860,5,7106.63,1506.24,107,4,5,5,455,Champions,0
Customer-0407,1504,4,8922.3,977.9399999999999,79,3,5,5,355,Loyal Customers,0
Customer-0408,5049,3,7165.02,1290.26,53,5,4,5,545,Champions,2
Customer-0412,3730,1,637.52,107.51,12,5,1,1,511,New Customers,2
Customer-0413,3781,1,2364.87,243.44,22,5,1,2,512,New Customers,2
Customer-0414,3921,3,4077.84,773.36,40,5,4,3,543,Loyal Customers,2
Customer-0416,1958,1,775.97,271.78000000000003,16,3,1,1,311,Promising,3
Customer-0417,1208,2,4134.74,414.93,49,2,3,3,233,At Risk,3
Customer-0418,3609,2,2323.21,323.90999999999997,19,5,3,2,532,Potential Loyalists,2
Customer-0419,1020,3,5034.61,676.98,32,2,4,4,244,Loyal Customers,1
Customer-0420,1574,5,9002.32,1303.45,128,3,5,5,355,Loyal Customers,0
Customer-0421,1766,1,1249.52,50.3,11,3,1,1,311,Promising,3
Customer-0422,1281,2,3458.77,554.64,33,3,3,3,333,Potential Loyalists,3
Customer-0423,3239,2,4209.05,551.0600000000001,47,4,3,3,433,Potential Loyalists,2
Customer-0424,1202,4,7998.08,630.04,75,2,5,5,255,Loyal Customers,0
Customer-0425,1452,3,5626.41,859.4,49,3,4,4,344,Loyal Customers,1
Customer-0426,2400,3,5406.71,543.4300000000001,57,4,4,4,444,Champions,1
Customer-0427,746,4,8260.630000000001,1105.3700000000001,75,2,5,5,255,Loyal Customers,0
Customer-0428,1548,2,1548.48,322.53,28,3,3,1,331,Potential Loyalists,3
Customer-0429,1271,2,3895.17,382.47,31,3,3,3,333,Potential Loyalists,3
Customer-0431,2826,2,2258.37,642.2,16,4,3,2,432,Potential Loyalists,2
Customer-0432,648,4,7546.91,1813.78,78,2,5,5,255,Loyal Customers,1
Customer-0434,3231,1,1964.46,181.14000000000001,19,4,1,1,411,New Customers,2
Customer-0435,1812,3,8550.84,880.95,70,3,4,5,345,Loyal Customers,1
Customer-0436,1142,5,12588.01,1470.02,111,2,5,5,255,Loyal Customers,0
Customer-0437,1289,2,2826.3,191.19,25,3,3,2,332,Potential Loyalists,3
Customer-0438,3647,2,4721.21,409.7,51,5,3,4,534,Potential Loyalists,2
Customer-0439,3509,1,1595.5,260.68,14,5,1,1,511,New Customers,2
Customer-0441,4020,3,7881.46,1615.23,50,5,4,5,545,Champions,1
Customer-0442,2502,3,2910.57,66.29,40,4,4,2,442,Loyal Customers,3
Customer-0443,1325,1,907.18,245.43,12,3,1,1,311,Promising,3
Customer-0445,1159,4,8364.58,1218.76,104,2,5,5,255,Loyal Customers,0
Customer-0446,274,1,3212.57,496.39,17,1,1,3,113,Lost,3
Customer-0447,1876,2,4824.19,868.48,52,3,3,4,334,Potential Loyalists,3
Customer-0449,1973,5,9781.09,1708.03,89,3,5,5,355,Loyal Customers,0
Customer-0450,797,3,2814.94,1058.74,40,2,4,2,242,Loyal Customers,3
Customer-0452,1279,1,2099.41,162.29,10,3,1,2,312,Promising,3
Customer-0453,613,2,4261.15,398.03,35,2,3,3,233,At Risk,3
Customer-0454,2781,5,8792.64,1163.54,91,4,5,5,455,Champions,0
Customer-0455,1248,4,6493.97,923.24,53,3,5,5,355,Loyal Customers,1
Customer-0456,793,2,3375.32,208.85000000000002,28,2,3,3,233,At Risk,3
Customer-0457,1654,2,3205.66,926.3,36,3,3,3,333,Potential Loyalists,3
Customer-0459,912,2,2195.7200000000003,106.35,19,2,3,2,232,At Risk,3
Customer-0460,128,3,5591.93,953.1800000000001,71,1,4,4,144,Loyal Customers,1
Customer-0461,4427,1,1428.97,30.18,9,5,1,1,511,New Customers,2
Customer-0462,1154,1,2013.93,211.32,12,2,1,2,212,Lost,3
Customer-0463,1346,4,8334.63,1429.6,90,3,5,5,355,Loyal Customers,0
Customer-0465,1854,2,2933.23,654.67,26,3,3,2,332,Potential Loyalists,3
Customer-0466,446,3,5843.89,1480.7,46,1,4,4,144,Loyal Customers,1
Customer-0467,1862,4,9084.55,1163.91,86,3,5,5,355,Loyal Customers,0
Customer-0468,1910,1,939.65,25.69,10,3,1,1,311,Promising,3
Customer-0469,3374,2,3593.96,697.2,35,4,3,3,433,Potential Loyalists,2
Customer-0470,5775,1,3579.8,376.51,17,5,1,3,513,New Customers,2
Customer-0471,2254,2,3232.6800000000003,88.85,15,4,3,3,433,Potential Loyalists,3
Customer-0472,2946,1,452.1,51.83,9,4,1,1,411,New Customers,2
Customer-0473,577,2,4116.54,621.57,40,2,3,3,233,At Risk,3
Customer-0476,3065,4,7048.78,763.14,88,4,5,5,455,Champions,1
Customer-0477,713,3,4523.25,510.11,52,2,4,4,244,Loyal Customers,1
Customer-0478,4733,1,2267.84,417.26,25,5,1,2,512,New Customers,2
Customer-0480,1174,1,1853.1,350.99,19,2,1,1,211,Lost,3
Customer-0481,1032,2,2884.2200000000003,681.8199999999999,35,2,3,2,232,At Risk,3
Customer-0482,1421,3,4697.84,679.61,40,3,4,4,344,Loyal Customers,1
Customer-0483,1571,6,11579.58,1546.81,114,3,5,5,355,Loyal Customers,0
Customer-0485,287,4,7748.33,1392.5,47,1,5,5,155,Loyal Customers,0
Customer-0486,1938,2,3696.53,347.22,17,3,3,3,333,Potential Loyalists,3
Customer-0488,363,2,3678.74,902.99,47,1,3,3,133,At Risk,3
Customer-0489,1718,1,1633.99,311.98,22,3,1,1,311,Promising,3
Customer-0490,2758,3,5293.37,552.47,52,4,4,4,444,Champions,1
Customer-0491,3365,2,1713.8,107.65,36,4,3,1,431,Potential Loyalists,2
Customer-0492,2017,2,2928.0299999999997,548.03,34,3,3,2,332,Potential Loyalists,3
Customer-0493,4540,1,491.92,148.7,12,5,1,1,511,New Customers,2
Customer-0494,1358,6,10909.97,1724.26,112,3,5,5,355,Loyal Customers,0
Customer-0495,1221,2,3243.65,241.64000000000001,52,3,3,3,333,Potential Loyalists,3
Customer-0497,721,4,6952.3,506.06,48,2,5,5,255,Loyal Customers,1
Customer-0498,2013,1,2934.43,137.37,24,3,1,2,312,Promising,3
Customer-0499,68,1,2368.39,83.30000000000001,16,1,1,2,112,Lost,3
Customer-0500,1180,4,6081.39,78.88999999999999,40,2,5,4,254,Loyal Customers,1
Customer-0501,5013,1,1525.6100000000001,369.86,11,5,1,1,511,New Customers,2
Customer-0502,3959,1,2300.66,307.35,19,5,1,2,512,New Customers,2
Customer-0504,4476,2,2429.4,179.39,15,5,3,2,532,Potential Loyalists,2
Customer-0505,1979,4,6601.21,1131.91,58,3,5,5,355,Loyal Customers,1
Customer-0506,2706,1,1019.69,114.26,8,4,1,1,411,New Customers,2
Customer-0507,1865,1,3245.6499999999996,423.06,13,3,1,3,313,Promising,3
Customer-0508,2889,2,4976.08,330.49,38,4,3,4,434,Potential Loyalists,3
Customer-0509,356,2,3243.68,597.26,33,1,3,3,133,At Risk,3
Customer-0510,5327,2,2802.5,293.12,25,5,3,2,532,Potential Loyalists,2
Customer-0511,2160,1,2578.2,357.90999999999997,19,4,1,2,412,New Customers,3
Customer-0512,3081,1,2601.52,37.760000000000005,10,4,1,2,412,New Customers,2
Customer-0513,752,1,2465.61,316.85,17,2,1,2,212,Lost,3
Customer-0514,2002,3,4742.54,591.58,54,3,4,4,344,Loyal Customers,1
Customer-0515,1215,4,5439.37,559.64,57,2,5,4,254,Loyal Customers,1
Customer-0516,1679,2,3561.3999999999996,641.6,56,3,3,3,333,Potential Loyalists,3
Customer-0517,205,5,9781.2,2017.06,92,1,5,5,155,Loyal Customers,0
Customer-0519,1592,2,3631.33,472.39,18,3,3,3,333,Potential Loyalists,3
Customer-0520,396,4,4968.54,873.1,65,1,5,4,154,Loyal Customers,1
Customer-0521,5476,1,300.87,299.64,13,5,1,1,511,New Customers,2
Customer-0522,4831,1,1150.0900000000001,319.54999999999995,13,5,1,1,511,New Customers,2
Customer-0523,3844,2,3369.3199999999997,549.62,38,5,3,3,533,Potential Loyalists,2
Customer-0524,1194,1,1314.1,281.92,20,2,1,1,211,Lost,3
Customer-0526,627,4,6660.33,1127.51,63,2,5,5,255,Loyal Customers,1
Customer-0527,1189,1,1524.4299999999998,172.09,7,2,1,1,211,Lost,3
Customer-0529,1777,2,2580.12,190.07000000000002,16,3,3,2,332,Potential Loyalists,3
Customer-0530,3410,2,3159.81,607.88,40,5,3,3,533,Potential Loyalists,2
Customer-0531,1854,2,2715.19,536.18,44,3,3,2,332,Potential Loyalists,3
Customer-0532,610,3,5627.79,519.53,52,2,4,4,244,Loyal Customers,1
Customer-0533,4177,4,7664.57,1235.48,65,5,5,5,555,Champions,1
Customer-0534,1711,1,1697.63,276.78000000000003,12,3,1,1,311,Promising,3
Customer-0536,4,2,2257.77,511.61,31,1,3,2,132,At Risk,3
Customer-0537,1076,3,3252.91,548.66,41,2,4,3,243,Loyal Customers,1
Customer-0538,2419,1,1664.77,362.56,6,4,1,1,411,New Customers,3
Customer-0539,689,2,4381.95,1064.24,45,2,3,4,234,At Risk,3
Customer-0540,934,3,5674.9400000000005,850.85,67,2,4,4,244,Loyal Customers,1
Customer-0541,471,1,786.78,174.98000000000002,26,1,1,1,111,Lost,3
Customer-0542,39,3,5239.38,712.6600000000001,51,1,4,4,144,Loyal Customers,1
Customer-0543,1578,2,2941.07,247.86,32,3,3,2,332,Potential Loyalists,3
Customer-0544,1127,2,2800.69,338.9,35,2,3,2,232,At Risk,3
Customer-0546,3835,2,3515.04,466.41,50,5,3,3,533,Potential Loyalists,2
Customer-0547,966,2,6027.76,873.05,49,2,3,4,234,At Risk,1
Customer-0548,268,2,2419.18,585.61,24,1,3,2,132,At Risk,3
Customer-0549,5884,1,1716.9,58.25999999999999,14,5,1,1,511,New Customers,2
Customer-0550,624,4,7473.89,852.45,69,2,5,5,255,Loyal Customers,1
Customer-0551,1891,3,7447.03,719.73,65,3,4,5,345,Loyal Customers,1
Customer-0552,3221,2,3094.6400000000003,254.4,29,4,3,3,433,Potential Loyalists,2
Customer-0553,537,2,3274.69,787.91,29,1,3,3,133,At Risk,3
Customer-0554,1751,6,9169.67,1348.47,80,3,5,5,355,Loyal Customers,0
Customer-0555,5041,1,3795.4,317.98,22,5,1,3,513,New Customers,2
Customer-0556,1125,2,1891.38,386.56,17,2,3,1,231,At Risk,3
Customer-0557,3957,1,2431.06,567.99,28,5,1,2,512,New Customers,2
Customer-0558,4710,2,3682.72,500.3,44,5,3,3,533,Potential Loyalists,2
Customer-0559,268,4,8999.55,1421.11,84,1,5,5,155,Loyal Customers,0
Customer-0560,3983,1,757.49,133.79000000000002,10,5,1,1,511,New Customers,2
Customer-0561,839,5,7777.49,1037.02,65,2,5,5,255,Loyal Customers,0
Customer-0562,555,4,7639.7300000000005,848.18,65,1,5,5,155,Loyal Customers,1
Customer-0563,760,3,4597.32,633.88,39,2,4,4,244,Loyal Customers,1
Customer-0564,1246,2,2050.51,697.11,36,3,3,2,332,Potential Loyalists,3
Customer-0566,132,1,2293.37,106.42,10,1,1,2,112,Lost,3
Customer-0567,2431,1,1370.5300000000002,-75.02,18,4,1,1,411,New Customers,3
Customer-0569,521,1,939.67,124.11000000000001,11,1,1,1,111,Lost,3
Customer-0571,3232,3,4707.6900000000005,807.47,41,4,4,4,444,Champions,1
Customer-0572,455,2,3886.48,347.59999999999997,43,1,3,3,133,At Risk,3
Customer-0573,14,4,6191.86,765.44,63,1,5,5,155,Loyal Customers,1
Customer-0574,1052,3,5001.76,1221.94,69,2,4,4,244,Loyal Customers,1
Customer-0575,1504,2,3061.67,341.14,23,3,3,3,333,Potential Loyalists,3
Customer-0576,1230,2,2586.9300000000003,217.73999999999998,23,3,3,2,332,Potential Loyalists,3
Customer-0577,3427,1,643.48,179.8,11,5,1,1,511,New Customers,2
Customer-0578,3319,3,7525.77,1700.11,77,4,4,5,445,Champions,1
Customer-0579,2599,2,5822.44,542.47,44,4,3,4,434,Potential Loyalists,1
Customer-0580,3226,3,5757.59,724.01,46,4,4,4,444,Champions,1
Customer-0581,1142,4,5471.62,1115.81,57,2,5,4,254,Loyal Customers,1
Customer-0582,203,2,3196.88,424.18,34,1,3,3,133,At Risk,3
Customer-0583,2606,2,4888.71,493.03999999999996,51,4,3,4,434,Potential Loyalists,3
Customer-0584,342,4,7516.89,655.77,71,1,5,5,155,Loyal Customers,1
Customer-0585,2418,2,4389.84,1063.98,43,4,3,4,434,Potential Loyalists,3
Customer-0586,3657,2,2798.66,288.75,41,5,3,2,532,Potential Loyalists,2
Customer-0587,16,1,3005.74,174.46,33,1,1,3,113,Lost,3
Customer-0588,1201,4,7598.06,938.09,68,2,5,5,255,Loyal Customers,1
Customer-0589,2728,2,2510.91,649.79,45,4,3,2,432,Potential Loyalists,3
Customer-0590,823,2,2199.51,143.18,42,2,3,2,232,At Risk,3
Customer-0591,420,1,2133.03,457.68,29,1,1,2,112,Lost,3
Customer-0592,5122,1,3098.52,369.57,24,5,1,3,513,New Customers,2
Customer-0593,1000,1,2284.7799999999997,405.0,18,2,1,2,212,Lost,3
Customer-0594,2706,5,5888.26,1265.92,68,4,5,4,454,Champions,1
Customer-0596,4208,3,5984.45,633.1899999999999,54,5,4,4,544,Champions,2
Customer-0597,842,2,4485.98,723.08,40,2,3,4,234,At Risk,3
Customer-0598,275,6,9444.08,872.05,103,1,5,5,155,Loyal Customers,0
Customer-0599,2844,2,2799.11,141.13,16,4,3,2,432,Potential Loyalists,2
Customer-0601,466,2,3403.69,696.48,36,1,3,3,133,At Risk,3
Customer-0602,465,6,11934.62,1716.66,124,1,5,5,155,Loyal Customers,0
Customer-0603,4067,1,402.0,73.29,7,5,1,1,511,New Customers,2
Customer-0604,2933,1,2555.42,495.25,21,4,1,2,412,New Customers,2
Customer-0605,1113,4,6905.5,1649.88,93,2,5,5,255,Loyal Customers,1
Customer-0607,1792,1,1134.77,-16.599999999999998,9,3,2,1,321,Promising,3
Customer-0608,4786,2,2542.84,593.54,23,5,3,2,532,Potential Loyalists,2
Customer-0609,1815,1,1202.43,286.45,17,3,2,1,321,Promising,3
Customer-0610,1169,3,6039.13,763.75,50,2,4,4,244,Loyal Customers,1
Customer-0611,204,2,3123.58,953.6899999999999,12,1,3,3,133,At Risk,3
Customer-0612,797,3,4227.97,997.63,39,2,4,3,243,Loyal Customers,1
Customer-0613,2274,2,3287.14,629.01,40,4,3,3,433,Potential Loyalists,3
Customer-0614,370,3,4568.46,701.09,58,1,4,4,144,Loyal Customers,1
Customer-0615,5461,1,1286.77,251.82999999999998,21,5,2,1,521,New Customers,2
Customer-0617,666,2,3294.01,543.87,31,2,3,3,233,At Risk,3
Customer-0618,645,4,7356.34,710.45,69,2,5,5,255,Loyal Customers,1
Customer-0619,613,4,6387.86,1419.67,79,2,5,5,255,Loyal Customers,1
Customer-0620,489,3,4735.36,782.9,43,1,4,4,144,Loyal Customers,1
Customer-0621,908,3,5718.37,703.9200000000001,59,2,4,4,244,Loyal Customers,1
Customer-0622,2671,3,5073.889999999999,580.08,52,4,4,4,444,Champions,1
Customer-0623,1967,3,7220.1,959.29,54,3,4,5,345,Loyal Customers,1
Customer-0624,2038,1,1077.4099999999999,329.28,13,3,2,1,321,Promising,3
Customer-0625,1788,2,1901.62,608.06,23,3,3,1,331,Potential Loyalists,3
Customer-0626,4025,2,5823.24,735.64,40,5,3,4,534,Potential Loyalists,2
Customer-0627,5175,1,1415.17,213.18,19,5,2,1,521,New Customers,2
Customer-0628,1775,3,8766.74,943.51,56,3,4,5,345,Loyal Customers,1
Customer-0629,580,5,8006.4800000000005,1351.51,92,2,5,5,255,Loyal Customers,0
Customer-0630,4484,4,4831.4800000000005,869.95,48,5,5,4,554,Champions,1
Customer-0631,274,2,3257.0,452.26,27,1,3,3,133,At Risk,3
Customer-0632,41,3,5845.24,1311.83,67,1,4,4,144,Loyal Customers,1
Customer-0633,1885,5,8908.16,1579.1599999999999,89,3,5,5,355,Loyal Customers,0
Customer-0636,3255,1,2114.45,315.99,19,4,2,2,422,New Customers,2
Customer-0637,763,5,6605.45,889.18,76,2,5,5,255,Loyal Customers,0
Customer-0638,1243,3,4879.97,1317.46,78,3,4,4,344,Loyal Customers,1
Customer-0639,46,2,5000.87,735.9499999999999,35,1,3,4,134,At Risk,3
Customer-0640,2436,2,4981.06,520.3299999999999,37,4,3,4,434,Potential Loyalists,3
Customer-0641,2880,2,3597.46,610.09,41,4,3,3,433,Potential Loyalists,2
Customer-0642,419,3,6142.35,979.5799999999999,49,1,4,4,144,Loyal Customers,1
Customer-0643,5526,1,2632.7799999999997,319.7,29,5,2,2,522,New Customers,2
Customer-0644,1724,2,2457.78,694.22,31,3,3,2,332,Potential Loyalists,3
Customer-0645,876,3,7579.89,867.19,53,2,4,5,245,Loyal Customers,1
Customer-0646,1889,2,2491.45,856.06,20,3,3,2,332,Potential Loyalists,3
Customer-0647,1830,1,1239.28,272.44,10,3,2,1,321,Promising,3
Customer-0648,1335,6,8849.82,1023.41,74,3,5,5,355,Loyal Customers,0
Customer-0649,865,1,2275.21,297.92,35,2,2,2,222,Lost,3
Customer-0650,94,3,3578.83,404.0,40,1,4,3,143,Loyal Customers,1
Customer-0651,1612,2,2449.39,764.44,27,3,3,2,332,Potential Loyalists,3
Customer-0652,1420,1,2719.35,373.18,18,3,2,2,322,Promising,3
Customer-0653,1252,3,6191.08,1308.12,48,3,4,5,345,Loyal Customers,1
Customer-0654,828,4,6161.27,1161.6299999999999,79,2,5,5,255,Loyal Customers,1
Customer-0655,617,5,7451.51,1473.46,98,2,5,5,255,Loyal Customers,0
Customer-0656,3042,2,3909.31,418.83,39,4,3,3,433,Potential Loyalists,2
Customer-0657,3226,1,2118.87,337.73,12,4,2,2,422,New Customers,2
Customer-0658,764,5,6605.110000000001,1183.29,84,2,5,5,255,Loyal Customers,0
Customer-0659,1298,4,6530.55,1017.79,79,3,5,5,355,Loyal Customers,1
Customer-0660,2633,2,2674.1,248.15,14,4,3,2,432,Potential Loyalists,3
Customer-0661,1319,4,5100.75,683.48,64,3,5,4,354,Loyal Customers,1
Customer-0662,279,5,6159.77,879.36,77,1,5,5,155,Loyal Customers,0
Customer-0663,83,3,5181.9,1205.21,67,1,4,4,144,Loyal Customers,1
Customer-0664,221,5,6825.73,1192.1299999999999,57,1,5,5,155,Loyal Customers,0
Customer-0665,3039,3,5655.97,852.58,84,4,4,4,444,Champions,1
Customer-0666,3218,3,3423.5299999999997,684.24,47,4,4,3,443,Loyal Customers,2
Customer-0667,4440,1,2325.75,358.02,18,5,2,2,522,New Customers,2
Customer-0669,1256,3,5250.65,599.25,50,3,4,4,344,Loyal Customers,1
Customer-0670,136,7,16146.15,2293.9,150,1,5,5,155,Loyal Customers,0
Customer-0672,3,3,6353.06,1235.82,47,1,4,5,145,Loyal Customers,1
Customer-0673,576,3,4474.41,941.76,62,2,4,4,244,Loyal Customers,1
Customer-0675,2489,2,3058.63,533.53,43,4,3,3,433,Potential Loyalists,3
Customer-0676,250,5,9365.56,1479.06,116,1,5,5,155,Loyal Customers,0
Customer-0678,2362,2,1169.04,340.46,30,4,3,1,431,Potential Loyalists,3
Customer-0679,2202,2,1618.09,560.6899999999999,36,4,3,1,431,Potential Loyalists,3
Customer-0680,3134,1,1025.96,4.110000000000001,5,4,2,1,421,New Customers,2
Customer-0681,1312,2,2875.01,750.21,38,3,3,2,332,Potential Loyalists,3
Customer-0682,2153,1,1610.3400000000001,494.26,10,4,2,1,421,New Customers,3
Customer-0683,3432,2,2508.12,692.93,26,5,3,2,532,Potential Loyalists,2
Customer-0684,5429,1,1279.24,156.16,27,5,2,1,521,New Customers,2
Customer-0685,3557,2,3424.84,519.75,30,5,3,3,533,Potential Loyalists,2
Customer-0686,2299,2,1929.4,186.49,16,4,3,1,431,Potential Loyalists,3
Customer-0687,309,3,5357.73,934.32,45,1,4,4,144,Loyal Customers,1
Customer-0688,792,2,4117.46,682.43,35,2,3,3,233,At Risk,3
Customer-0689,224,3,4102.78,752.08,28,1,4,3,143,Loyal Customers,1
Customer-0690,738,3,6318.63,979.25,52,2,4,5,245,Loyal Customers,1
Customer-0691,1809,1,2199.2599999999998,334.45000000000005,24,3,2,2,322,Promising,3
Customer-0692,4229,1,2784.06,388.7,19,5,2,2,522,New Customers,2
Customer-0693,650,3,5738.67,674.04,53,2,4,4,244,Loyal Customers,1
Customer-0695,657,1,1345.53,165.09,11,2,2,1,221,Lost,3
Customer-0696,1105,2,6026.28,865.87,49,2,3,4,234,At Risk,1
Customer-0698,246,2,2825.29,430.90999999999997,21,1,3,2,132,At Risk,3
Customer-0700,435,2,4126.16,238.65999999999997,43,1,3,3,133,At Risk,3
Customer-0701,1541,3,6635.56,1207.93,60,3,4,5,345,Loyal Customers,1
Customer-0702,984,2,2549.9,637.75,26,2,3,2,232,At Risk,3
Customer-0703,1024,3,5222.25,625.0,33,2,4,4,244,Loyal Customers,1
Customer-0704,503,6,9408.15,2148.76,95,1,5,5,155,Loyal Customers,0
Customer-0707,4725,1,1813.49,278.99,28,5,2,1,521,New Customers,2
Customer-0708,1467,4,8570.28,1256.01,90,3,5,5,355,Loyal Customers,0
Customer-0709,1540,1,2128.02,281.61,16,3,2,2,322,Promising,3
Customer-0710,3139,2,4429.62,622.14,32,4,3,4,434,Potential Loyalists,2
Customer-0711,117,1,2059.61,173.57999999999998,23,1,2,2,122,Lost,3
Customer-0712,2270,1,536.56,264.12,16,4,2,1,421,New Customers,3
Customer-0713,1096,2,4241.05,263.13,27,2,3,3,233,At Risk,3
Customer-0715,3820,2,3342.8399999999997,465.79,45,5,3,3,533,Potential Loyalists,2
Customer-0718,4676,1,3054.8900000000003,452.52,21,5,2,3,523,New Customers,2
Customer-0719,2355,1,2083.0299999999997,489.95000000000005,18,4,2,2,422,New Customers,3
Customer-0720,5029,1,683.9,54.10000000000001,9,5,2,1,521,New Customers,2
Customer-0722,1884,1,641.87,188.03000000000003,14,3,2,1,321,Promising,3
Customer-0724,3766,1,3182.31,191.45,18,5,2,3,523,New Customers,2
Customer-0725,1146,4,6718.95,1191.9,67,2,5,5,255,Loyal Customers,1
Customer-0726,14,3,4393.03,796.6600000000001,43,1,4,4,144,Loyal Customers,1
Customer-0727,122,3,6673.61,590.89,31,1,4,5,145,Loyal Customers,1
Customer-0728,3355,3,5569.87,880.47,40,4,4,4,444,Champions,1
Customer-0729,3839,1,2356.2,200.64999999999998,10,5,2,2,522,New Customers,2
Customer-0730,494,2,3390.85,1009.76,53,1,3,3,133,At Risk,3
Customer-0731,49,2,2509.4,-19.26,28,1,3,2,132,At Risk,3
Customer-0733,2963,1,1045.3000000000002,288.81,17,4,2,1,421,New Customers,2
Customer-0735,915,2,3758.11,598.1899999999999,34,2,3,3,233,At Risk,3
Customer-0736,2892,2,3565.59,485.31,28,4,3,3,433,Potential Loyalists,2
Customer-0737,617,3,5055.59,747.98,64,2,4,4,244,Loyal Customers,1
Customer-0738,2234,1,1998.96,374.78999999999996,18,4,2,2,422,New Customers,3
Customer-0739,5444,1,1490.6299999999999,425.95,16,5,2,1,521,New Customers,2
Customer-0740,200,3,5237.8099999999995,912.3,56,1,4,4,144,Loyal Customers,1
Customer-0741,1531,3,7074.63,1235.7,62,3,4,5,345,Loyal Customers,1
Customer-0742,235,2,2717.49,398.09,37,1,3,2,132,At Risk,3
Customer-0743,927,3,4609.83,649.25,53,2,4,4,244,Loyal Customers,1
Customer-0744,1203,4,7157.22,861.23,68,2,5,5,255,Loyal Customers,1
Customer-0745,5612,1,2775.92,485.05,34,5,2,2,522,New Customers,2
Customer-0746,3325,1,1711.61,280.82,24,4,2,1,421,New Customers,2
Customer-0749,2048,2,4908.1,889.24,45,3,3,4,334,Potential Loyalists,3
Customer-0751,2856,2,2755.37,304.06,34,4,3,2,432,Potential Loyalists,2
Customer-0752,2632,2,2141.12,492.13,21,4,3,2,432,Potential Loyalists,3
Customer-0753,1417,2,3642.07,591.9,33,3,3,3,333,Potential Loyalists,3
Customer-0755,21,3,4354.9,936.81,50,1,4,3,143,Loyal Customers,1
Customer-0757,2776,4,8708.24,1272.09,78,4,5,5,455,Champions,0
Customer-0758,5954,1,375.83000000000004,251.37,12,5,2,1,521,New Customers,2
Customer-0759,571,2,3249.87,431.32,28,2,3,3,233,At Risk,3
Customer-0760,585,3,7428.67,1022.43,45,2,4,5,245,Loyal Customers,1
Customer-0761,5302,1,1470.26,33.34,7,5,2,1,521,New Customers,2
Customer-0763,557,3,5926.56,736.31,45,1,4,4,144,Loyal Customers,1
Customer-0764,533,3,4969.8,779.98,51,1,4,4,144,Loyal Customers,1
Customer-0766,1090,1,867.31,112.03,26,2,2,1,221,Lost,3
Customer-0767,2474,2,2657.68,619.04,36,4,3,2,432,Potential Loyalists,3
Customer-0768,3919,4,7052.59,1054.87,91,5,5,5,555,Champions,1
Customer-0769,2470,1,684.79,18.31,5,4,2,1,421,New Customers,3
Customer-0770,236,6,12969.07,1305.38,127,1,5,5,155,Loyal Customers,0
Customer-0771,3866,2,3517.0099999999998,742.27,37,5,3,3,533,Potential Loyalists,2
Customer-0772,3255,3,6738.2,1269.56,58,4,4,5,445,Champions,1
Customer-0773,1798,1,2185.44,640.2,33,3,2,2,322,Promising,3
Customer-0774,1850,2,1233.04,454.62,30,3,3,1,331,Potential Loyalists,3
Customer-0775,2360,2,3308.06,637.66,29,4,3,3,433,Potential Loyalists,3
Customer-0776,470,5,9843.38,1429.42,87,1,5,5,155,Loyal Customers,0
Customer-0777,4352,2,2726.64,-92.4,24,5,3,2,532,Potential Loyalists,2
Customer-0778,349,3,4305.75,490.8,39,1,4,3,143,Loyal Customers,1
Customer-0779,355,4,7184.2,1097.19,53,1,5,5,155,Loyal Customers,1
Customer-0780,1821,2,1526.1,779.28,21,3,3,1,331,Potential Loyalists,3
Customer-0781,489,4,6858.66,978.02,81,1,5,5,155,Loyal Customers,1
Customer-0782,59,2,3112.25,744.63,35,1,3,3,133,At Risk,3
Customer-0783,375,5,5932.78,1047.97,76,1,5,4,154,Loyal Customers,1
Customer-0784,4313,1,612.08,80.59,13,5,2,1,521,New Customers,2
Customer-0785,1036,1,2663.49,229.71000000000004,19,2,2,2,222,Lost,3
Customer-0787,15,3,5582.48,536.26,54,1,4,4,144,Loyal Customers,1
Customer-0788,2001,2,3022.68,540.15,42,3,3,3,333,Potential Loyalists,3
Customer-0789,105,3,4184.84,623.71,43,1,4,3,143,Loyal Customers,1
Customer-0790,3638,1,1916.4099999999999,2.6600000000000037,26,5,2,1,521,New Customers,2
Customer-0791,1499,1,2930.41,398.52,35,3,2,2,322,Promising,3
Customer-0792,5034,1,2093.19,428.53000000000003,18,5,2,2,522,New Customers,2
Customer-0793,2554,3,4623.54,789.12,47,4,4,4,444,Champions,1
Customer-0794,1801,3,6918.610000000001,862.59,71,3,4,5,345,Loyal Customers,1
Customer-0795,1503,1,2149.17,441.26,19,3,2,2,322,Promising,3
Customer-0796,2112,2,3352.13,166.35999999999999,25,4,3,3,433,Potential Loyalists,3
Customer-0797,2940,4,6553.41,543.77,57,4,5,5,455,Champions,1
Customer-0798,1876,2,4054.3,321.53000000000003,20,3,3,3,333,Potential Loyalists,3
Customer-0800,896,2,2654.41,654.76,36,2,3,2,232,At Risk,3
Customer-0801,5146,1,1122.3,132.48,10,5,2,1,521,New Customers,2
Customer-0802,2555,3,3984.68,900.3000000000001,39,4,4,3,443,Loyal Customers,1
Customer-0803,4313,3,7868.219999999999,1073.3799999999999,60,5,4,5,545,Champions,1
Customer-0804,1379,3,4461.87,768.08,55,3,4,4,344,Loyal Customers,1
Customer-0805,5365,2,2660.18,82.64000000000001,31,5,3,2,532,Potential Loyalists,2
Customer-0806,3200,1,2647.81,11.670000000000003,26,4,2,2,422,New Customers,2
Customer-0807,713,2,3328.6000000000004,810.48,47,2,3,3,233,At Risk,3
Customer-0809,5312,1,2630.1,135.01999999999998,19,5,2,2,522,New Customers,2
Customer-0811,2843,1,2250.27,75.61,17,4,2,2,422,New Customers,2
Customer-0812,3184,2,2402.94,76.67,10,4,3,2,432,Potential Loyalists,2
Customer-0813,496,4,8698.66,831.34,94,1,5,5,155,Loyal Customers,0
Customer-0814,1089,3,6572.59,1523.46,67,2,4,5,245,Loyal Customers,1
Customer-0815,3265,2,3921.55,757.47,48,4,3,3,433,Potential Loyalists,2
Customer-0816,5747,1,1972.88,313.5,24,5,2,2,522,New Customers,2
Customer-0817,3326,2,5863.86,611.43,50,4,3,4,434,Potential Loyalists,2
Customer-0819,2212,3,6733.42,981.12,53,4,4,5,445,Champions,1
Customer-0820,680,4,6446.92,1288.79,78,2,5,5,255,Loyal Customers,1
Customer-0821,1205,1,2309.01,19.219999999999995,19,2,2,2,222,Lost,3
Customer-0822,699,6,9714.17,1838.57,72,2,5,5,255,Loyal Customers,0
Customer-0823,2447,1,2965.05,221.32999999999998,15,4,2,3,423,New Customers,3
Customer-0824,2896,3,5258.67,495.04,51,4,4,4,444,Champions,1
Customer-0825,2823,1,1635.1399999999999,229.39999999999998,9,4,2,1,421,New Customers,2
Customer-0826,885,3,6055.16,729.97,70,2,4,4,244,Loyal Customers,1
Customer-0827,3261,1,3346.24,647.58,19,4,2,3,423,New Customers,2
Customer-0828,1024,6,14101.58,1279.67,132,2,5,5,255,Loyal Customers,0
Customer-0829,1689,1,1404.52,141.16,9,3,2,1,321,Promising,3
Customer-0831,3270,2,3950.79,895.38,65,4,3,3,433,Potential Loyalists,2
Customer-0832,4795,2,1425.88,483.98,28,5,3,1,531,Potential Loyalists,2
Customer-0833,2335,2,2463.8599999999997,1077.95,53,4,3,2,432,Potential Loyalists,3
Customer-0835,1640,2,3354.4300000000003,247.98,34,3,3,3,333,Potential Loyalists,3
Customer-0836,1022,1,3006.14,328.66999999999996,32,2,2,3,223,Lost,3
Customer-0837,3967,5,6217.17,1329.71,79,5,5,5,555,Champions,1
Customer-0838,2568,3,7479.87,1020.04,74,4,4,5,445,Champions,1
Customer-0840,3840,2,3705.7999999999997,697.74,32,5,3,3,533,Potential Loyalists,2
Customer-0841,1074,1,688.32,294.69,17,2,2,1,221,Lost,3
Customer-0842,1384,3,3906.1,467.9,27,3,4,3,343,Loyal Customers,1
Customer-0843,1829,2,4391.97,429.42,36,3,3,4,334,Potential Loyalists,3
Customer-0844,1141,1,2344.19,162.82999999999998,19,2,2,2,222,Lost,3
Customer-0845,464,3,8042.66,868.24,65,1,4,5,145,Loyal Customers,1
Customer-0846,418,3,5404.4800000000005,655.84,66,1,4,4,144,Loyal Customers,1
Customer-0848,510,3,4395.95,410.72,51,1,4,4,144,Loyal Customers,1
Customer-0849,3878,1,845.53,349.84000000000003,13,5,2,1,521,New Customers,2
Customer-0850,1762,2,2955.43,263.0,33,3,3,3,333,Potential Loyalists,3
Customer-0851,3024,1,1329.22,204.21,12,4,2,1,421,New Customers,2
Customer-0852,821,3,6565.7,755.36,61,2,4,5,245,Loyal Customers,1
Customer-0853,3401,2,4227.07,357.44,43,4,3,3,433,Potential Loyalists,2
Customer-0854,3796,1,1229.7,291.35,11,5,2,1,521,New Customers,2
Customer-0855,431,2,3988.52,543.27,29,1,3,3,133,At Risk,3
Customer-0856,1700,3,4770.22,770.9,41,3,4,4,344,Loyal Customers,1
Customer-0857,1823,3,5131.87,951.86,40,3,4,4,344,Loyal Customers,1
Customer-0859,136,5,11318.46,1510.43,125,1,5,5,155,Loyal Customers,0
Customer-0860,5154,1,3240.4300000000003,401.75,22,5,2,3,523,New Customers,2
Customer-0861,1090,1,853.85,35.919999999999995,27,2,2,1,221,Lost,3
Customer-0862,968,3,3580.71,757.98,34,2,4,3,243,Loyal Customers,1
Customer-0865,2101,1,1369.46,105.46000000000001,33,4,2,1,421,New Customers,3
Customer-0866,744,2,3399.29,1083.62,46,2,3,3,233,At Risk,3
Customer-0867,3263,4,6690.38,935.2,69,4,5,5,455,Champions,1
Customer-0868,5186,1,1769.94,12.929999999999996,20,5,2,1,521,New Customers,2
Customer-0869,2098,1,1903.37,268.58,16,4,2,1,421,New Customers,3
Customer-0871,433,2,2974.77,290.38,39,1,3,3,133,At Risk,3
Customer-0872,5272,1,2914.5699999999997,207.63,20,5,2,2,522,New Customers,2
Customer-0873,2253,2,2723.54,175.54,54,4,3,2,432,Potential Loyalists,3
Customer-0874,2470,1,1454.59,593.13,18,4,2,1,421,New Customers,3
Customer-0875,1936,2,4233.26,669.9200000000001,40,3,3,3,333,Potential Loyalists,3
Customer-0876,2323,3,6196.64,913.14,69,4,4,5,445,Champions,1
Customer-0877,1893,2,4555.06,485.09999999999997,47,3,3,4,334,Potential Loyalists,3
Customer-0878,3047,2,4297.0,545.74,26,4,3,3,433,Potential Loyalists,2
Customer-0880,3924,1,1256.13,142.16,23,5,2,1,521,New Customers,2
Customer-0881,195,5,13213.12,2097.98,115,1,5,5,155,Loyal Customers,0
Customer-0882,4430,1,1081.0500000000002,-66.61,10,5,2,1,521,New Customers,2
Customer-0883,5333,1,3255.07,256.52,35,5,2,3,523,New Customers,2
Customer-0884,4292,1,1589.9099999999999,347.97,17,5,2,1,521,New Customers,2
Customer-0886,1986,2,1388.95,401.29,11,3,3,1,331,Potential Loyalists,3
Customer-0887,87,3,5497.07,1165.27,59,1,4,4,144,Loyal Customers,1
Customer-0888,1453,5,9974.21,1102.19,92,3,5,5,355,Loyal Customers,0
Customer-0891,489,4,9429.93,1176.37,84,1,5,5,155,Loyal Customers,0
Customer-0892,345,4,7555.82,1253.86,67,1,5,5,155,Loyal Customers,1
Customer-0893,1452,2,3571.81,518.04,35,3,3,3,333,Potential Loyalists,3
Customer-0895,4445,1,2277.66,354.83,37,5,2,2,522,New Customers,2
Customer-0896,381,3,6027.84,872.03,52,1,4,4,144,Loyal Customers,1
Customer-0899,23,4,9105.91,949.4300000000001,71,1,5,5,155,Loyal Customers,0
Customer-0900,763,2,3583.8,177.6,34,2,3,3,233,At Risk,3
Customer-0901,1387,1,1766.54,200.62,21,3,2,1,321,Promising,3
Customer-0902,153,2,1851.27,456.09999999999997,32,1,3,1,131,At Risk,3
Customer-0903,2624,1,3340.58,434.57,32,4,2,3,423,New Customers,3
Customer-0904,658,1,461.12,22.11,16,2,2,1,221,Lost,3
Customer-0905,869,4,8427.5,1176.25,92,2,5,5,255,Loyal Customers,0
Customer-0906,3849,2,4186.62,707.33,39,5,3,3,533,Potential Loyalists,2
Customer-0907,5600,2,3163.34,626.84,34,5,3,3,533,Potential Loyalists,2
Customer-0908,1815,2,3547.87,558.42,27,3,3,3,333,Potential Loyalists,3
Customer-0909,4816,1,1625.61,555.12,25,5,2,1,521,New Customers,2
Customer-0910,5979,1,2027.41,454.01,16,5,2,2,522,New Customers,2
Customer-0911,5025,2,4601.59,946.14,53,5,3,4,534,Potential Loyalists,2
Customer-0912,858,4,4807.17,891.39,63,2,5,4,254,Loyal Customers,1
Customer-0913,1036,2,6001.83,601.74,58,2,3,4,234,At Risk,1
Customer-0915,333,7,10957.75,1314.43,94,1,5,5,155,Loyal Customers,0
Customer-0916,3227,2,3581.2200000000003,646.73,37,4,3,3,433,Potential Loyalists,2
Customer-0917,378,6,7623.570000000001,1051.39,97,1,5,5,155,Loyal Customers,0
Customer-0918,199,1,2368.56,189.15,18,1,2,2,122,Lost,3
Customer-0919,550,2,3581.77,334.28,32,1,3,3,133,At Risk,3
Customer-0920,240,1,1085.48,72.72,6,1,2,1,121,Lost,3
Customer-0921,1179,5,9967.15,1147.05,104,2,5,5,255,Loyal Customers,0
Customer-0922,1029,1,2432.45,335.97,20,2,2,2,222,Lost,3
Customer-0923,532,2,3896.29,331.96999999999997,48,1,3,3,133,At Risk,3
Customer-0924,408,2,2376.98,229.3,14,1,3,2,132,At Risk,3
Customer-0925,4152,1,922.85,325.21000000000004,11,5,2,1,521,New Customers,2
Customer-0926,3518,1,757.3499999999999,137.97,8,5,2,1,521,New Customers,2
Customer-0927,476,3,6198.2,1271.13,64,1,4,5,145,Loyal Customers,1
Customer-0928,5291,1,1766.8200000000002,0.0,10,5,2,1,521,New Customers,2
Customer-0929,2921,4,5371.52,1388.54,54,4,5,4,454,Champions,1
Customer-0930,222,3,5324.900000000001,552.38,56,1,4,4,144,Loyal Customers,1
Customer-0931,412,3,4452.56,1061.6299999999999,62,1,4,4,144,Loyal Customers,1
Customer-0932,389,2,2951.74,622.0999999999999,30,1,3,2,132,At Risk,3
Customer-0933,1241,3,5834.34,1303.14,74,3,5,4,354,Loyal Customers,1
Customer-0934,3104,3,5670.75,671.9,45,4,5,4,454,Champions,1
Customer-0935,563,3,4414.35,1068.74,59,2,5,4,254,Loyal Customers,1
Customer-0936,1195,5,10706.01,1506.02,109,2,5,5,255,Loyal Customers,0
Customer-0937,1866,5,8589.289999999999,1400.25,83,3,5,5,355,Loyal Customers,0
Customer-0938,146,2,4500.83,439.65999999999997,31,1,3,4,134,At Risk,3
Customer-0939,1509,1,982.43,39.4,5,3,2,1,321,Promising,3
Customer-0940,2444,4,7063.49,836.34,64,4,5,5,455,Champions,1
Customer-0941,5114,2,2745.75,234.65,28,5,3,2,532,Potential Loyalists,2
Customer-0942,1318,2,2791.39,588.48,27,3,3,2,332,Potential Loyalists,3
Customer-0943,2070,4,4851.77,903.78,52,3,5,4,354,Loyal Customers,1
Customer-0944,301,4,5987.53,1107.87,70,1,5,4,154,Loyal Customers,1
Customer-0945,29,3,4829.35,802.08,50,1,5,4,154,Loyal Customers,1
Customer-0946,1971,2,1804.9399999999998,474.66,20,3,3,1,331,Potential Loyalists,3
Customer-0947,266,2,4835.43,597.75,62,1,3,4,134,At Risk,3
Customer-0948,4458,1,1001.04,0.18999999999999773,7,5,2,1,521,New Customers,2
Customer-0949,360,1,2705.7400000000002,197.97,20,1,2,2,122,Lost,3
Customer-0951,2845,2,4422.45,996.49,40,4,3,4,434,Potential Loyalists,3
Customer-0952,4105,2,3413.8,50.17,32,5,3,3,533,Potential Loyalists,2
Customer-0953,3376,1,3015.08,433.62,24,4,2,3,423,New Customers,2
Customer-0954,4613,1,1277.94,390.6,25,5,2,1,521,New Customers,2
Customer-0955,551,2,2799.34,606.25,37,1,3,2,132,At Risk,3
Customer-0956,525,6,11725.69,1455.65,103,1,5,5,155,Loyal Customers,0
Customer-0957,9,2,2713.0699999999997,238.27999999999997,32,1,3,2,132,At Risk,3
Customer-0958,1069,1,1022.13,413.28,11,2,2,1,221,Lost,3
Customer-0959,5750,2,3832.53,245.32000000000002,31,5,4,3,543,Loyal Customers,2
Customer-0960,1948,1,1031.41,112.27,11,3,2,1,321,Promising,3
Customer-0962,1277,5,7134.77,1494.86,79,3,5,5,355,Loyal Customers,0
Customer-0963,2713,2,3931.02,493.31,33,4,4,3,443,Loyal Customers,3
Customer-0964,315,3,4149.63,756.5500000000001,22,1,5,3,153,Loyal Customers,1
Customer-0966,1782,4,7595.35,1085.43,53,3,5,5,355,Loyal Customers,1
Customer-0968,297,3,3499.95,466.17999999999995,39,1,5,3,153,Loyal Customers,1
Customer-0969,269,4,9388.15,1406.34,72,1,5,5,155,Loyal Customers,0
Customer-0970,768,3,4509.280000000001,944.78,41,2,5,4,254,Loyal Customers,1
Customer-0971,2603,2,3204.27,368.68,20,4,4,3,443,Loyal Customers,3
Customer-0972,537,1,1331.3400000000001,-9.820000000000004,18,1,2,1,121,Lost,3
Customer-0973,2539,2,2870.82,197.75,31,4,4,2,442,Loyal Customers,3
Customer-0974,3551,2,5836.95,1114.29,59,5,4,4,544,Champions,2
Customer-0975,1356,2,2939.77,638.4,16,3,4,2,342,Loyal Customers,3
Customer-0976,751,1,1855.4,315.59000000000003,16,2,2,1,221,Lost,3
Customer-0977,1858,2,3815.43,505.88,17,3,4,3,343,Loyal Customers,3
Customer-0978,114,4,12176.08,1855.7,98,1,5,5,155,Loyal Customers,0
Customer-0980,742,6,8932.03,713.29,106,2,5,5,255,Loyal Customers,0
Customer-0981,5729,1,2567.4700000000003,236.39999999999998,13,5,2,2,522,New Customers,2
Customer-0982,607,2,3330.6,573.84,57,2,4,3,243,Loyal Customers,3
Customer-0983,3297,1,194.35,133.54999999999998,11,4,2,1,421,New Customers,2
Customer-0984,1869,3,5495.92,702.24,40,3,5,4,354,Loyal Customers,1
Customer-0985,2486,3,4030.77,498.77,31,4,5,3,453,Loyal Customers,1
Customer-0986,947,4,5745.69,942.51,96,2,5,4,254,Loyal Customers,1
Customer-0987,474,4,6480.63,1440.82,76,1,5,5,155,Loyal Customers,1
Customer-0988,2259,3,3953.35,577.12,37,4,5,3,453,Loyal Customers,1
Customer-0989,5867,1,2062.98,188.04999999999998,25,5,2,2,522,New Customers,2
Customer-0990,2007,2,2807.73,623.1,29,3,4,2,342,Loyal Customers,3
Customer-0991,917,1,939.44,178.66,18,2,2,1,221,Lost,3
Customer-0992,1280,1,259.02,252.42,11,3,2,1,321,Promising,3
Customer-0993,827,1,2223.95,569.62,24,2,2,2,222,Lost,3
Customer-0994,221,3,5871.85,471.46,37,1,5,4,154,Loyal Customers,1
Customer-0995,1220,2,3852.05,251.25000000000003,18,2,4,3,243,Loyal Customers,3
Customer-0996,4087,1,614.29,194.45,5,5,2,1,521,New Customers,2
Customer-0997,108,2,4395.85,661.31,53,1,4,4,144,Loyal Customers,3
Customer-0998,3403,2,2513.39,408.52000000000004,47,4,4,2,442,Loyal Customers,2
Customer-0999,677,2,3136.01,311.83,27,2,4,3,243,Loyal Customers,3
